"","strategy","algo","approach","n","n.cova","event.prob","ttm.prob","seed","mh_pval","clog_coef","clog_pval"
"1","matching","A1","mhl",20000,4,1,0.1,1,0.334907678799708,0.182321556793955,0.670245265976437
"2","matching","A1","mhl",20000,4,1,0.5,1,0.110335680959923,0.251314428280905,0.221886271977429
"3","matching","A1","mhl",10000,4,5,0.1,1,0.352728493055637,0.143100843640673,0.70569643359096
"4","matching","A1","mhl",10000,4,5,0.5,1,0.5,0,1
"5","matching","A1","mhl",10000,4,10,0.1,1,0.0889658626341273,0.530628251016774,0.183032835709072
"6","matching","A1","mhl",10000,4,10,0.5,1,0.721850769362633,-0.115512887121845,0.556517908806752
"7","matching","A1","mhl",20000,10,1,0.1,1,0.5,0,1
"8","matching","A1","mhl",20000,10,1,0.5,1,0.894548536971695,-0.26236426446749,0.212212240508292
"9","matching","A1","mhl",10000,10,5,0.1,1,0.586370326718644,-0.0953101796806688,0.827323681628341
"10","matching","A1","mhl",10000,10,5,0.5,1,0.583485553140239,-0.0444517625702391,0.833042437514799
"11","matching","A1","mhl",10000,10,10,0.1,1,0.5,0,1
"12","matching","A1","mhl",10000,10,10,0.5,1,0.583485553140239,-0.044451762570239,0.833042437514799
"13","matching","A1","mhl",20000,20,1,0.1,1,0.945853172050495,-0.773189878028441,0.11720945012066
"14","matching","A1","mhl",20000,20,1,0.5,1,0.787484673607536,-0.182321556793955,0.425671630845547
"15","matching","A1","mhl",10000,20,5,0.1,1,0.327360423009289,0.200670695462151,0.655262030315415
"16","matching","A1","mhl",10000,20,5,0.5,1,0.5,0,1
"17","matching","A1","mhl",10000,20,10,0.1,1,0.58258633540738,-0.0870113769242422,0.834878672501697
"18","matching","A1","mhl",10000,20,10,0.5,1,0.776150463767353,-0.165079750359449,0.448214446939559
"19","matching","A2","mhl",20000,4,1,0.1,1,0.41741366459262,0.0870113769242421,0.834878672501697
"20","matching","A2","mhl",20000,4,1,0.5,1,0.20464690867672,0.170625517030764,0.409861765117832
"21","matching","A2","mhl",10000,4,5,0.1,1,0.281851430825387,0.22314355131421,0.564510978132912
"22","matching","A2","mhl",10000,4,5,0.5,1,0.5,0,1
"23","matching","A2","mhl",10000,4,10,0.1,1,0.0889658626341273,0.530628251016774,0.183032835709072
"24","matching","A2","mhl",10000,4,10,0.5,1,0.653969254532031,-0.0784716154097518,0.692136442901359
"25","matching","A2","mhl",20000,10,1,0.1,1,0.5,0,1
"26","matching","A2","mhl",20000,10,1,0.5,1,0.875568062531039,-0.242946178610389,0.250027593771244
"27","matching","A2","mhl",10000,10,5,0.1,1,0.665092321200292,-0.182321556793955,0.670245265976437
"28","matching","A2","mhl",10000,10,5,0.5,1,0.661671339141788,-0.0870113769242423,0.676753527081613
"29","matching","A2","mhl",10000,10,10,0.1,1,0.5,0,1
"30","matching","A2","mhl",10000,10,10,0.5,1,0.663355010170002,-0.0889474859402269,0.673391427919405
"31","matching","A2","mhl",20000,20,1,0.1,1,0.921350396474857,-0.693147178402484,0.165657039168281
"32","matching","A2","mhl",20000,20,1,0.5,1,0.715594299793331,-0.130053128248198,0.569083688201457
"33","matching","A2","mhl",10000,20,5,0.1,1,0.327360423009289,0.200670695462151,0.655262030315415
"34","matching","A2","mhl",10000,20,5,0.5,1,0.585375770408527,-0.0465200156340751,0.829263617919505
"35","matching","A2","mhl",10000,20,10,0.1,1,0.58258633540738,-0.0870113769242422,0.834878672501697
"36","matching","A2","mhl",10000,20,10,0.5,1,0.741182940708327,-0.139761942375159,0.517974790556169
"37","counter-matching","A1","mhl",20000,4,1,0.1,1,0.361836804915882,0.125163142122991,0.723846518611427
"38","counter-matching","A1","mhl",20000,4,1,0.5,1,0.348545805002982,0.0606246218112156,0.697135697211101
"39","counter-matching","A1","mhl",10000,4,5,0.1,1,0.28873433121365,0.207639364778244,0.578151716260274
"40","counter-matching","A1","mhl",10000,4,5,0.5,1,0.380184165027601,0.0465200156340752,0.760389274991425
"41","counter-matching","A1","mhl",10000,4,10,0.1,1,0.232604409226071,0.268263986594678,0.466545341652668
"42","counter-matching","A1","mhl",10000,4,10,0.5,1,0.469159701306647,0.0119761910467158,0.938319770493078
"43","counter-matching","A1","mhl",20000,10,1,0.1,1,0.420740290560897,0.0800427076370704,0.841522329381647
"44","counter-matching","A1","mhl",20000,10,1,0.5,1,0.853367882430659,-0.170345365747239,0.293847752641158
"45","counter-matching","A1","mhl",10000,10,5,0.1,1,0.783616209666108,-0.310154928303823,0.434608975055545
"46","counter-matching","A1","mhl",10000,10,5,0.5,1,0.772591738965731,-0.124297716677577,0.455106785990928
"47","counter-matching","A1","mhl",10000,10,10,0.1,1,0.642499672655955,-0.133531392624523,0.715203053361471
"48","counter-matching","A1","mhl",10000,10,10,0.5,1,0.898363776802416,-0.216671036808593,0.20415656206584
"49","counter-matching","A1","mhl",20000,20,1,0.1,1,0.921350396474857,-0.693147178402484,0.165657039168281
"50","counter-matching","A1","mhl",20000,20,1,0.5,1,0.758550151109904,-0.123232640423948,0.483176564435436
"51","counter-matching","A1","mhl",10000,20,5,0.1,1,0.413629673281356,0.0953101796806681,0.827323681628342
"52","counter-matching","A1","mhl",10000,20,5,0.5,1,0.848258167987579,-0.176930708159078,0.304114228613876
"53","counter-matching","A1","mhl",10000,20,10,0.1,1,0.58258633540738,-0.0870113769242422,0.834878672501697
"54","counter-matching","A1","mhl",10000,20,10,0.5,1,0.7807109869595,-0.133531392624523,0.438918084687985
"55","counter-matching","A2","mhl",20000,4,1,0.1,1,0.569097783475495,-0.0606246218112159,0.861825381138158
"56","counter-matching","A2","mhl",20000,4,1,0.5,1,0.376658111965676,0.0493927553283323,0.753340483470999
"57","counter-matching","A2","mhl",10000,4,5,0.1,1,0.167961906575868,0.374693449441137,0.338746749373202
"58","counter-matching","A2","mhl",10000,4,5,0.5,1,0.409789778744041,0.0346855579877853,0.819588445672758
"59","counter-matching","A2","mhl",10000,4,10,0.1,1,0.176580176657994,0.348306694268123,0.355590512469625
"60","counter-matching","A2","mhl",10000,4,10,0.5,1,0.46897372842147,0.0121213605323445,0.93794783595857
"61","counter-matching","A2","mhl",20000,10,1,0.1,1,0.341545699154804,0.167054084663166,0.683439627231701
"62","counter-matching","A2","mhl",20000,10,1,0.5,1,0.853367882430659,-0.170345365747239,0.293847752641159
"63","counter-matching","A2","mhl",10000,10,5,0.1,1,0.832038093424132,-0.374693449441138,0.338746749373202
"64","counter-matching","A2","mhl",10000,10,5,0.5,1,0.817866584009474,-0.149940147290915,0.364716033316749
"65","counter-matching","A2","mhl",10000,10,10,0.1,1,0.642499672655955,-0.133531392624523,0.715203053361471
"66","counter-matching","A2","mhl",10000,10,10,0.5,1,0.895144955405407,-0.21056476910735,0.210552118193405
"67","counter-matching","A2","mhl",20000,20,1,0.1,1,0.887373546819673,-0.606135803256891,0.232356322905082
"68","counter-matching","A2","mhl",20000,20,1,0.5,1,0.785937955266917,-0.139761942375159,0.428499900541616
"69","counter-matching","A2","mhl",10000,20,5,0.1,1,0.413629673281356,0.0953101796806681,0.827323681628342
"70","counter-matching","A2","mhl",10000,20,5,0.5,1,0.828111622350821,-0.1633250561033,0.344312934904664
"71","counter-matching","A2","mhl",10000,20,10,0.1,1,0.58258633540738,-0.0870113769242422,0.834878672501697
"72","counter-matching","A2","mhl",10000,20,10,0.5,1,0.72656736552208,-0.103796793681644,0.547045201764063
"73","matching","A1","mhl",20000,4,1,0.1,2,0.224845898984445,0.287682072451776,0.451252537343089
"74","matching","A1","mhl",20000,4,1,0.5,2,0.5,0,1
"75","matching","A1","mhl",10000,4,5,0.1,2,0.832038093424132,-0.374693449441138,0.338746749373202
"76","matching","A1","mhl",10000,4,5,0.5,2,0.538871070173969,-0.0190481949706929,0.92225903122463
"77","matching","A1","mhl",10000,4,10,0.1,2,0.5,0,1
"78","matching","A1","mhl",10000,4,10,0.5,2,0.459563039767389,0.020619287202733,0.919127507265401
"79","matching","A1","mhl",20000,10,1,0.1,2,0.176580176657994,0.348306694268123,0.355590512469625
"80","matching","A1","mhl",20000,10,1,0.5,2,0.302063153664584,0.107630663903014,0.604300825371074
"81","matching","A1","mhl",10000,10,5,0.1,2,0.889664319040077,-0.510825623739934,0.22569259553875
"82","matching","A1","mhl",10000,10,5,0.5,2,0.623423817617043,-0.0659579677823826,0.753195649717883
"83","matching","A1","mhl",10000,10,10,0.1,2,0.927800103893464,-0.628608658892204,0.151046918587769
"84","matching","A1","mhl",10000,10,10,0.5,2,0.927800103893464,-0.306730267422461,0.145975498263272
"85","matching","A1","mhl",20000,20,1,0.1,2,0.5,0,1
"86","matching","A1","mhl",20000,20,1,0.5,2,0.942074251237035,-0.332705753825689,0.117536436021751
"87","matching","A1","mhl",10000,20,5,0.1,2,0.0898562474394999,0.619039207981312,0.186682897588507
"88","matching","A1","mhl",10000,20,5,0.5,2,0.334907678799708,0.0909717781164563,0.669922457618794
"89","matching","A1","mhl",10000,20,10,0.1,2,0.265807288440806,0.262364264467489,0.532790006545515
"90","matching","A1","mhl",10000,20,10,0.5,2,0.327360423009289,0.100083458382946,0.65485556600675
"91","matching","A2","mhl",20000,4,1,0.1,2,0.224845898984445,0.287682072451776,0.451252537343089
"92","matching","A2","mhl",20000,4,1,0.5,2,0.543186669468571,-0.0235304974101873,0.913628645877478
"93","matching","A2","mhl",10000,4,5,0.1,2,0.783616209666108,-0.310154928303823,0.434608975055544
"94","matching","A2","mhl",10000,4,5,0.5,2,0.577012740890359,-0.0377403279826578,0.845983544430017
"95","matching","A2","mhl",10000,4,10,0.1,2,0.5,0,1
"96","matching","A2","mhl",10000,4,10,0.5,2,0.618487699723502,-0.0606246218112159,0.763059800873434
"97","matching","A2","mhl",20000,10,1,0.1,2,0.232604409226071,0.268263986594678,0.466545341652668
"98","matching","A2","mhl",20000,10,1,0.5,2,0.233960403665869,0.150822889734584,0.468342435155821
"99","matching","A2","mhl",10000,10,5,0.1,2,0.792891910878737,-0.336472236621157,0.416414364181268
"100","matching","A2","mhl",10000,10,5,0.5,2,0.623423817617043,-0.0659579677823826,0.753195649717883
"101","matching","A2","mhl",10000,10,10,0.1,2,0.889664319040077,-0.510825623739934,0.22569259553875
"102","matching","A2","mhl",10000,10,10,0.5,2,0.942074251237035,-0.332705753825689,0.117536436021751
"103","matching","A2","mhl",20000,20,1,0.1,2,0.5,0,1
"104","matching","A2","mhl",20000,20,1,0.5,2,0.894548536971695,-0.26236426446749,0.212212240508293
"105","matching","A2","mhl",10000,20,5,0.1,2,0.0898562474394999,0.619039207981312,0.186682897588507
"106","matching","A2","mhl",10000,20,5,0.5,2,0.261215642480782,0.136575535005751,0.522754420227275
"107","matching","A2","mhl",10000,20,10,0.1,2,0.265807288440806,0.262364264467489,0.532790006545515
"108","matching","A2","mhl",10000,20,10,0.5,2,0.251167477180251,0.150282203049338,0.502736967075145
"109","counter-matching","A1","mhl",20000,4,1,0.1,2,0.167961906575868,0.374693449441138,0.338746749373202
"110","counter-matching","A1","mhl",20000,4,1,0.5,2,0.592332702822386,-0.0363676441707286,0.815344586943124
"111","counter-matching","A1","mhl",10000,4,5,0.1,2,0.935904912827446,-0.526093095856725,0.132613682740952
"112","counter-matching","A1","mhl",10000,4,5,0.5,2,0.562430709959798,-0.0246926125903619,0.875141726134259
"113","counter-matching","A1","mhl",10000,4,10,0.1,2,0.638163195084118,-0.125163142122991,0.723846518611427
"114","counter-matching","A1","mhl",10000,4,10,0.5,2,0.375914817022925,0.050010420573304,0.751854643591706
"115","counter-matching","A1","mhl",20000,10,1,0.1,2,0.0585925435990691,0.559615787836945,0.121998181816038
"116","counter-matching","A1","mhl",20000,10,1,0.5,2,0.0971829554015545,0.211309093667207,0.195196059141034
"117","counter-matching","A1","mhl",10000,10,5,0.1,2,0.734192711559194,-0.26236426446749,0.532790006545514
"118","counter-matching","A1","mhl",10000,10,5,0.5,2,0.436390061896956,0.0256424306133254,0.872783579516308
"119","counter-matching","A1","mhl",10000,10,10,0.1,2,0.803115682678504,-0.367724780125111,0.396428580594401
"120","counter-matching","A1","mhl",10000,10,10,0.5,2,0.868834162295821,-0.179971379449001,0.262975597080491
"121","counter-matching","A1","mhl",20000,20,1,0.1,2,0.58258633540738,-0.0870113769242422,0.834878672501697
"122","counter-matching","A1","mhl",20000,20,1,0.5,2,0.962604311206528,-0.320167527596243,0.0760376402426402
"123","counter-matching","A1","mhl",10000,20,5,0.1,2,0.420740290560897,0.0800427076370704,0.841522329381647
"124","counter-matching","A1","mhl",10000,20,5,0.5,2,0.365800294479951,0.0588405000186994,0.731637809732154
"125","counter-matching","A1","mhl",10000,20,10,0.1,2,0.420740290560897,0.0800427076370704,0.841522329381647
"126","counter-matching","A1","mhl",10000,20,10,0.5,2,0.129819885690643,0.19611487892629,0.260403252081769
"127","counter-matching","A2","mhl",20000,4,1,0.1,2,0.0807566592337711,0.5753641447562,0.167317721640681
"128","counter-matching","A2","mhl",20000,4,1,0.5,2,0.705979227572202,-0.083881483930096,0.588150944880438
"129","counter-matching","A2","mhl",10000,4,5,0.1,2,0.956826089508169,-0.606135803256891,0.0912173483318073
"130","counter-matching","A2","mhl",10000,4,5,0.5,2,0.59288714805882,-0.0368139731225573,0.814236002417912
"131","counter-matching","A2","mhl",10000,4,10,0.1,2,0.753641661386456,-0.23638877806423,0.493722788797258
"132","counter-matching","A2","mhl",10000,4,10,0.5,2,0.436390061896956,0.0256424306133249,0.87278357951631
"133","counter-matching","A2","mhl",20000,10,1,0.1,2,0.0585925435990691,0.559615787836945,0.121998181816038
"134","counter-matching","A2","mhl",20000,10,1,0.5,2,0.0721460277200526,0.23795863709935,0.145239576937348
"135","counter-matching","A2","mhl",10000,10,5,0.1,2,0.792891910878737,-0.336472236621157,0.416414364181268
"136","counter-matching","A2","mhl",10000,10,5,0.5,2,0.40538761022255,0.0382212128199913,0.810786519536891
"137","counter-matching","A2","mhl",10000,10,10,0.1,2,0.803115682678504,-0.367724780125111,0.396428580594401
"138","counter-matching","A2","mhl",10000,10,10,0.5,2,0.833224872944048,-0.156160730755282,0.334041324678554
"139","counter-matching","A2","mhl",20000,20,1,0.1,2,0.5,0,1
"140","counter-matching","A2","mhl",20000,20,1,0.5,2,0.962604311206528,-0.320167527596243,0.0760376402426402
"141","counter-matching","A2","mhl",10000,20,5,0.1,2,0.420740290560897,0.0800427076370704,0.841522329381647
"142","counter-matching","A2","mhl",10000,20,5,0.5,2,0.27343263447792,0.103796793681643,0.547045201764064
"143","counter-matching","A2","mhl",10000,20,10,0.1,2,0.420740290560897,0.0800427076370704,0.841522329381647
"144","counter-matching","A2","mhl",10000,20,10,0.5,2,0.0834567645541064,0.23995066963059,0.167932017767882
"145","matching","A1","mhl",20000,4,1,0.1,3,0.652556698813763,-0.154150679827258,0.69517334211627
"146","matching","A1","mhl",20000,4,1,0.5,3,0.309411696627162,0.0990909024819118,0.618966861485051
"147","matching","A1","mhl",10000,4,5,0.1,3,0.647271506944363,-0.143100843640673,0.70569643359096
"148","matching","A1","mhl",10000,4,5,0.5,3,0.991802464075404,-0.489548225304722,0.0174919446189728
"149","matching","A1","mhl",10000,4,10,0.1,3,0.767395590773929,-0.268263986594677,0.466545341652669
"150","matching","A1","mhl",10000,4,10,0.5,3,0.999947910102934,-0.814508037564213,0.000159742285225175
"151","matching","A1","mhl",20000,10,1,0.1,3,0.691462461274013,-0.251314428280905,0.618000180063476
"152","matching","A1","mhl",20000,10,1,0.5,3,0.797875752630264,-0.174353387144778,0.404843516563163
"153","matching","A1","mhl",10000,10,5,0.1,3,0.5,0,1
"154","matching","A1","mhl",10000,10,5,0.5,3,0.904317063607141,-0.264151575041586,0.192657291537873
"155","matching","A1","mhl",10000,10,10,0.1,3,0.672639576990711,-0.200670695462151,0.655262030315414
"156","matching","A1","mhl",10000,10,10,0.5,3,0.895579258422584,-0.244196960512042,0.209972802865788
"157","matching","A1","mhl",20000,20,1,0.1,3,0.969715569898671,-0.826678573184468,0.0681159235632315
"158","matching","A1","mhl",20000,20,1,0.5,3,0.5,0,1
"159","matching","A1","mhl",10000,20,5,0.1,3,0.889664319040077,-0.510825623739934,0.22569259553875
"160","matching","A1","mhl",10000,20,5,0.5,3,0.376576182382957,0.0659579677823827,0.753195649717882
"161","matching","A1","mhl",10000,20,10,0.1,3,0.899587438652427,-0.559615787836945,0.20671013378133
"162","matching","A1","mhl",10000,20,10,0.5,3,0.541294369903979,-0.0215062052209594,0.917412846086169
"163","matching","A2","mhl",20000,4,1,0.1,3,0.579259709439103,-0.0800427076370707,0.841522329381646
"164","matching","A2","mhl",20000,4,1,0.5,3,0.309411696627162,0.0990909024819118,0.618966861485051
"165","matching","A2","mhl",10000,4,5,0.1,3,0.647271506944363,-0.143100843640673,0.70569643359096
"166","matching","A2","mhl",10000,4,5,0.5,3,0.996390837593077,-0.547965170642931,0.00797136666260118
"167","matching","A2","mhl",10000,4,10,0.1,3,0.815414291833654,-0.325422400434594,0.371281131359037
"168","matching","A2","mhl",10000,4,10,0.5,3,0.999977448461387,-0.86148249537916,7.61591530990876e-05
"169","matching","A2","mhl",20000,10,1,0.1,3,0.766572864588637,-0.356674943938601,0.469210446475963
"170","matching","A2","mhl",20000,10,1,0.5,3,0.851426734825765,-0.218253566020018,0.298105031276704
"171","matching","A2","mhl",10000,10,5,0.1,3,0.658454300845196,-0.167054084663166,0.683439627231701
"172","matching","A2","mhl",10000,10,5,0.5,3,0.884930329778292,-0.241162056816887,0.231268761487576
"173","matching","A2","mhl",10000,10,10,0.1,3,0.743654619869038,-0.287682072451775,0.514142121200266
"174","matching","A2","mhl",10000,10,10,0.5,3,0.93991463485316,-0.304211374402979,0.121602787798918
"175","matching","A2","mhl",20000,20,1,0.1,3,0.969715569898671,-0.826678573184468,0.0681159235632315
"176","matching","A2","mhl",20000,20,1,0.5,3,0.455764118954689,0.0246926125903619,0.911530476279586
"177","matching","A2","mhl",10000,20,5,0.1,3,0.851426734825765,-0.441832752275935,0.301070803419657
"178","matching","A2","mhl",10000,20,5,0.5,3,0.334907678799708,0.090971778116456,0.669922457618795
"179","matching","A2","mhl",10000,20,10,0.1,3,0.862383237962583,-0.485507815769315,0.279943419654728
"180","matching","A2","mhl",10000,20,10,0.5,3,0.623423817617043,-0.0659579677823826,0.753195649717883
"181","counter-matching","A1","mhl",20000,4,1,0.1,3,0.704993056418327,-0.194156014440958,0.590597399111663
"182","counter-matching","A1","mhl",20000,4,1,0.5,3,0.437569290040202,0.024692612590362,0.875141726134258
"183","counter-matching","A1","mhl",10000,4,5,0.1,3,0.571268779020379,-0.064538521129486,0.857486911736323
"184","counter-matching","A1","mhl",10000,4,5,0.5,3,0.959960340126891,-0.280301965154155,0.0810703063892363
"185","counter-matching","A1","mhl",10000,4,10,0.1,3,0.571268779020379,-0.064538521129486,0.857486911736323
"186","counter-matching","A1","mhl",10000,4,10,0.5,3,0.980083690377629,-0.327906873762252,0.0407268170450036
"187","counter-matching","A1","mhl",20000,10,1,0.1,3,0.851426734825765,-0.441832752275935,0.301070803419656
"188","counter-matching","A1","mhl",20000,10,1,0.5,3,0.841344746068543,-0.167054084663166,0.317873101240172
"189","counter-matching","A1","mhl",10000,10,5,0.1,3,0.148573265174235,0.441832752275934,0.301070803419657
"190","counter-matching","A1","mhl",10000,10,5,0.5,3,0.9803944776132,-0.343473432080121,0.0401828567348745
"191","counter-matching","A1","mhl",10000,10,10,0.1,3,0.413629673281356,0.0953101796806682,0.827323681628342
"192","counter-matching","A1","mhl",10000,10,10,0.5,3,0.949910852886866,-0.27193371548364,0.101226719662766
"193","counter-matching","A1","mhl",20000,20,1,0.1,3,0.725746882249926,-0.241162056816887,0.549474018091027
"194","counter-matching","A1","mhl",20000,20,1,0.5,3,0.837410259950836,-0.176456437341557,0.32580699072812
"195","counter-matching","A1","mhl",10000,20,5,0.1,3,0.863339160853851,-0.405465108107289,0.276605237854056
"196","counter-matching","A1","mhl",10000,20,5,0.5,3,0.535079580935388,-0.0155041865359651,0.929841539012334
"197","counter-matching","A1","mhl",10000,20,10,0.1,3,0.725746882249926,-0.241162056816888,0.549474018091027
"198","counter-matching","A1","mhl",10000,20,10,0.5,3,0.5,0,1
"199","counter-matching","A2","mhl",20000,4,1,0.1,3,0.760249938906523,-0.251314428280905,0.480655065297856
"200","counter-matching","A2","mhl",20000,4,1,0.5,3,0.468784350094135,0.0122700925918139,0.937569091026114
"201","counter-matching","A2","mhl",10000,4,5,0.1,3,0.5,0,1
"202","counter-matching","A2","mhl",10000,4,5,0.5,3,0.971890714986233,-0.30616688712587,0.0571841752370553
"203","counter-matching","A2","mhl",10000,4,10,0.1,3,0.5,0,1
"204","counter-matching","A2","mhl",10000,4,10,0.5,3,0.983327233288031,-0.338602162878977,0.0341948296250448
"205","counter-matching","A2","mhl",20000,10,1,0.1,3,0.889664319040077,-0.510825623739934,0.225692595538751
"206","counter-matching","A2","mhl",20000,10,1,0.5,3,0.893559454086118,-0.207639364778244,0.213703071971587
"207","counter-matching","A2","mhl",10000,10,5,0.1,3,0.196884317321496,0.36772478012511,0.396428580594401
"208","counter-matching","A2","mhl",10000,10,5,0.5,3,0.949910852886866,-0.271933715483639,0.101226719662767
"209","counter-matching","A2","mhl",10000,10,10,0.1,3,0.413629673281356,0.0953101796806682,0.827323681628342
"210","counter-matching","A2","mhl",10000,10,10,0.5,3,0.958367741668225,-0.287682072451776,0.0843307846499639
"211","counter-matching","A2","mhl",20000,20,1,0.1,3,0.783616209666108,-0.310154928303823,0.434608975055544
"212","counter-matching","A2","mhl",20000,20,1,0.5,3,0.813500758193256,-0.159064694629687,0.373502231412814
"213","counter-matching","A2","mhl",10000,20,5,0.1,3,0.823419823342006,-0.348306694268123,0.355590512469624
"214","counter-matching","A2","mhl",10000,20,5,0.5,3,0.535354000537185,-0.0157483569681385,0.929292727685613
"215","counter-matching","A2","mhl",10000,20,10,0.1,3,0.725746882249926,-0.241162056816888,0.549474018091027
"216","counter-matching","A2","mhl",10000,20,10,0.5,3,0.569097783475495,-0.0303053494952884,0.861809668075189
"217","matching","A1","ps",20000,4,1,0.1,1,0.5,0,1
"218","matching","A1","ps",20000,4,1,0.5,1,0.121807694164959,0.248461359298499,0.244827932988978
"219","matching","A1","ps",10000,4,5,0.1,1,0.357500327344045,0.133531392624523,0.715203053361471
"220","matching","A1","ps",10000,4,5,0.5,1,0.459141080513735,0.0210534091978292,0.918283664932982
"221","matching","A1","ps",10000,4,10,0.1,1,0.357500327344045,0.133531392624523,0.715203053361471
"222","matching","A1","ps",10000,4,10,0.5,1,0.202124247369736,0.174353387144778,0.404843516563162
"223","matching","A1","ps",20000,10,1,0.1,1,0.814453315238651,-0.405465108107289,0.374363512135995
"224","matching","A1","ps",20000,10,1,0.5,1,0.968312985300135,-0.38776553100831,0.065040804111819
"225","matching","A1","ps",10000,10,5,0.1,1,0.874325445594889,-0.538996500675662,0.257084020049373
"226","matching","A1","ps",10000,10,5,0.5,1,0.738784357519218,-0.136575535005751,0.522754420227275
"227","matching","A1","ps",10000,10,10,0.1,1,0.665092321200292,-0.182321556793954,0.670245265976437
"228","matching","A1","ps",10000,10,10,0.5,1,0.704040168299511,-0.115069329784787,0.59212399072303
"229","matching","A1","ps",20000,20,1,0.1,1,0.901647198770527,-0.693147178402484,0.205689347619243
"230","matching","A1","ps",20000,20,1,0.5,1,0.256345380130962,0.143100843640674,0.513050328830556
"231","matching","A1","ps",10000,20,5,0.1,1,0.725746882249926,-0.241162056816887,0.549474018091027
"232","matching","A1","ps",10000,20,5,0.5,1,0.455210000254901,0.0253178079842786,0.910422382888184
"233","matching","A1","ps",10000,20,10,0.1,1,0.658454300845196,-0.167054084663166,0.683439627231701
"234","matching","A1","ps",10000,20,10,0.5,1,0.544235881045311,-0.0246926125903619,0.911530476279586
"235","matching","A2","ps",20000,4,1,0.1,1,0.815414291833654,-0.325422400434594,0.371281131359037
"236","matching","A2","ps",20000,4,1,0.5,1,0.265807288440806,0.130620182417064,0.531906239222217
"237","matching","A2","ps",10000,4,5,0.1,1,0.423694829843357,0.0741079721324494,0.847424147616718
"238","matching","A2","ps",10000,4,5,0.5,1,0.540858919486265,-0.0210534091978291,0.918283664932983
"239","matching","A2","ps",10000,4,10,0.1,1,0.347443301186237,0.154150679827258,0.69517334211627
"240","matching","A2","ps",10000,4,10,0.5,1,0.177904470656989,0.190043602887865,0.356532527666435
"241","matching","A2","ps",20000,10,1,0.1,1,0.803115682678504,-0.367724780125111,0.396428580594401
"242","matching","A2","ps",20000,10,1,0.5,1,0.986869682941102,-0.456758402490656,0.0275852989258011
"243","matching","A2","ps",10000,10,5,0.1,1,0.766572864588637,-0.356674943938601,0.469210446475963
"244","matching","A2","ps",10000,10,5,0.5,1,0.701943667138338,-0.11247798342669,0.596306314320376
"245","matching","A2","ps",10000,10,10,0.1,1,0.665092321200292,-0.182321556793954,0.670245265976437
"246","matching","A2","ps",10000,10,10,0.5,1,0.805838385510538,-0.186585955580412,0.389011125020727
"247","matching","A2","ps",20000,20,1,0.1,1,0.857475296298694,-0.587786664701256,0.291970300369013
"248","matching","A2","ps",20000,20,1,0.5,1,0.416514446859761,0.0444517625702391,0.833042437514799
"249","matching","A2","ps",10000,20,5,0.1,1,0.783616209666108,-0.310154928303823,0.434608975055545
"250","matching","A2","ps",10000,20,5,0.5,1,0.410423619270964,0.0512932943859305,0.820866543326719
"251","matching","A2","ps",10000,20,10,0.1,1,0.725746882249926,-0.241162056816887,0.549474018091027
"252","matching","A2","ps",10000,20,10,0.5,1,0.630558659818236,-0.0741079721324494,0.738940243765796
"253","counter-matching","A1","ps",20000,4,1,0.1,1,0.295006943581673,0.194156014440958,0.590597399111663
"254","counter-matching","A1","ps",20000,4,1,0.5,1,0.43794802896147,0.0243914531241497,0.875899109389169
"255","counter-matching","A1","ps",10000,4,5,0.1,1,0.28873433121365,0.207639364778244,0.578151716260274
"256","counter-matching","A1","ps",10000,4,5,0.5,1,0.349410820557021,0.0598981415762723,0.698864458471393
"257","counter-matching","A1","ps",10000,4,10,0.1,1,0.361836804915882,0.125163142122991,0.723846518611428
"258","counter-matching","A1","ps",10000,4,10,0.5,1,0.32171442178181,0.0714589639656546,0.643499435159298
"259","counter-matching","A1","ps",20000,10,1,0.1,1,0.767395590773929,-0.268263986594678,0.466545341652668
"260","counter-matching","A1","ps",20000,10,1,0.5,1,0.902817044598445,-0.211309093667207,0.195196059141034
"261","counter-matching","A1","ps",10000,10,5,0.1,1,0.658454300845196,-0.167054084663166,0.683439627231701
"262","counter-matching","A1","ps",10000,10,5,0.5,1,0.85495518090567,-0.172612742666994,0.290688354576977
"263","counter-matching","A1","ps",10000,10,10,0.1,1,0.423694829843357,0.0741079721324495,0.847424147616718
"264","counter-matching","A1","ps",10000,10,10,0.5,1,0.689063287834629,-0.0811255447723081,0.621968962467711
"265","counter-matching","A1","ps",20000,20,1,0.1,1,0.955959244168905,-0.762140043722065,0.0959098091750915
"266","counter-matching","A1","ps",20000,20,1,0.5,1,0.640281227788304,-0.0645385211294861,0.719484172704486
"267","counter-matching","A1","ps",10000,20,5,0.1,1,0.5,0,1
"268","counter-matching","A1","ps",10000,20,5,0.5,1,0.693955059955372,-0.0857668216983057,0.612198909016399
"269","counter-matching","A1","ps",10000,20,10,0.1,1,0.413629673281356,0.0953101796806683,0.827323681628342
"270","counter-matching","A1","ps",10000,20,10,0.5,1,0.534549382479811,-0.0150378773645404,0.930901884482633
"271","counter-matching","A2","ps",20000,4,1,0.1,1,0.569097783475495,-0.0606246218112159,0.861825381138158
"272","counter-matching","A2","ps",20000,4,1,0.5,1,0.43794802896147,0.0243914531241497,0.875899109389169
"273","counter-matching","A2","ps",10000,4,5,0.1,1,0.357500327344045,0.133531392624523,0.715203053361471
"274","counter-matching","A2","ps",10000,4,5,0.5,1,0.240425529035762,0.110541874399823,0.481074376109142
"275","counter-matching","A2","ps",10000,4,10,0.1,1,0.295006943581673,0.194156014440958,0.590597399111662
"276","counter-matching","A2","ps",10000,4,10,0.5,1,0.217439829247892,0.1221026968009,0.435164920505226
"277","counter-matching","A2","ps",20000,10,1,0.1,1,0.767395590773929,-0.268263986594678,0.466545341652668
"278","counter-matching","A2","ps",20000,10,1,0.5,1,0.915336351393969,-0.22314355131421,0.170212520385255
"279","counter-matching","A2","ps",10000,10,5,0.1,1,0.658454300845196,-0.167054084663166,0.683439627231701
"280","counter-matching","A2","ps",10000,10,5,0.5,1,0.836406561104847,-0.160342650075179,0.327704960046716
"281","counter-matching","A2","ps",10000,10,10,0.1,1,0.423694829843357,0.0741079721324495,0.847424147616718
"282","counter-matching","A2","ps",10000,10,10,0.5,1,0.689063287834629,-0.0811255447723081,0.621968962467711
"283","counter-matching","A2","ps",20000,20,1,0.1,1,0.936684771026191,-0.693147178402484,0.134297258593133
"284","counter-matching","A2","ps",20000,20,1,0.5,1,0.672639576990711,-0.0800427076370706,0.654807022566677
"285","counter-matching","A2","ps",10000,20,5,0.1,1,0.5,0,1
"286","counter-matching","A2","ps",10000,20,5,0.5,1,0.63234165468133,-0.0571584138364919,0.735351366756846
"287","counter-matching","A2","ps",10000,20,10,0.1,1,0.413629673281356,0.0953101796806683,0.827323681628342
"288","counter-matching","A2","ps",10000,20,10,0.5,1,0.465450617520189,0.0150378773645404,0.930901884482633
"289","matching","A1","ps",20000,4,1,0.1,2,0.5,0,1
"290","matching","A1","ps",20000,4,1,0.5,2,0.121807694164959,0.248461359298499,0.244827932988978
"291","matching","A1","ps",10000,4,5,0.1,2,0.357500327344045,0.133531392624523,0.715203053361471
"292","matching","A1","ps",10000,4,5,0.5,2,0.459141080513735,0.0210534091978292,0.918283664932982
"293","matching","A1","ps",10000,4,10,0.1,2,0.357500327344045,0.133531392624523,0.715203053361471
"294","matching","A1","ps",10000,4,10,0.5,2,0.202124247369736,0.174353387144778,0.404843516563162
"295","matching","A1","ps",20000,10,1,0.1,2,0.814453315238651,-0.405465108107289,0.374363512135995
"296","matching","A1","ps",20000,10,1,0.5,2,0.968312985300135,-0.38776553100831,0.065040804111819
"297","matching","A1","ps",10000,10,5,0.1,2,0.874325445594889,-0.538996500675662,0.257084020049373
"298","matching","A1","ps",10000,10,5,0.5,2,0.738784357519218,-0.136575535005751,0.522754420227275
"299","matching","A1","ps",10000,10,10,0.1,2,0.665092321200292,-0.182321556793954,0.670245265976437
"300","matching","A1","ps",10000,10,10,0.5,2,0.704040168299511,-0.115069329784787,0.59212399072303
"301","matching","A1","ps",20000,20,1,0.1,2,0.901647198770527,-0.693147178402484,0.205689347619243
"302","matching","A1","ps",20000,20,1,0.5,2,0.256345380130962,0.143100843640674,0.513050328830556
"303","matching","A1","ps",10000,20,5,0.1,2,0.725746882249926,-0.241162056816887,0.549474018091027
"304","matching","A1","ps",10000,20,5,0.5,2,0.455210000254901,0.0253178079842786,0.910422382888184
"305","matching","A1","ps",10000,20,10,0.1,2,0.658454300845196,-0.167054084663166,0.683439627231701
"306","matching","A1","ps",10000,20,10,0.5,2,0.544235881045311,-0.0246926125903619,0.911530476279586
"307","matching","A2","ps",20000,4,1,0.1,2,0.815414291833654,-0.325422400434594,0.371281131359037
"308","matching","A2","ps",20000,4,1,0.5,2,0.265807288440806,0.130620182417064,0.531906239222217
"309","matching","A2","ps",10000,4,5,0.1,2,0.423694829843357,0.0741079721324494,0.847424147616718
"310","matching","A2","ps",10000,4,5,0.5,2,0.540858919486265,-0.0210534091978291,0.918283664932983
"311","matching","A2","ps",10000,4,10,0.1,2,0.347443301186237,0.154150679827258,0.69517334211627
"312","matching","A2","ps",10000,4,10,0.5,2,0.177904470656989,0.190043602887865,0.356532527666435
"313","matching","A2","ps",20000,10,1,0.1,2,0.803115682678504,-0.367724780125111,0.396428580594401
"314","matching","A2","ps",20000,10,1,0.5,2,0.986869682941102,-0.456758402490656,0.0275852989258011
"315","matching","A2","ps",10000,10,5,0.1,2,0.766572864588637,-0.356674943938601,0.469210446475963
"316","matching","A2","ps",10000,10,5,0.5,2,0.701943667138338,-0.11247798342669,0.596306314320376
"317","matching","A2","ps",10000,10,10,0.1,2,0.665092321200292,-0.182321556793954,0.670245265976437
"318","matching","A2","ps",10000,10,10,0.5,2,0.805838385510538,-0.186585955580412,0.389011125020727
"319","matching","A2","ps",20000,20,1,0.1,2,0.857475296298694,-0.587786664701256,0.291970300369013
"320","matching","A2","ps",20000,20,1,0.5,2,0.416514446859761,0.0444517625702391,0.833042437514799
"321","matching","A2","ps",10000,20,5,0.1,2,0.783616209666108,-0.310154928303823,0.434608975055545
"322","matching","A2","ps",10000,20,5,0.5,2,0.410423619270964,0.0512932943859305,0.820866543326719
"323","matching","A2","ps",10000,20,10,0.1,2,0.725746882249926,-0.241162056816887,0.549474018091027
"324","matching","A2","ps",10000,20,10,0.5,2,0.630558659818236,-0.0741079721324494,0.738940243765796
"325","counter-matching","A1","ps",20000,4,1,0.1,2,0.295006943581673,0.194156014440958,0.590597399111663
"326","counter-matching","A1","ps",20000,4,1,0.5,2,0.43794802896147,0.0243914531241497,0.875899109389169
"327","counter-matching","A1","ps",10000,4,5,0.1,2,0.28873433121365,0.207639364778244,0.578151716260274
"328","counter-matching","A1","ps",10000,4,5,0.5,2,0.349410820557021,0.0598981415762723,0.698864458471393
"329","counter-matching","A1","ps",10000,4,10,0.1,2,0.361836804915882,0.125163142122991,0.723846518611428
"330","counter-matching","A1","ps",10000,4,10,0.5,2,0.32171442178181,0.0714589639656546,0.643499435159298
"331","counter-matching","A1","ps",20000,10,1,0.1,2,0.767395590773929,-0.268263986594678,0.466545341652668
"332","counter-matching","A1","ps",20000,10,1,0.5,2,0.902817044598445,-0.211309093667207,0.195196059141034
"333","counter-matching","A1","ps",10000,10,5,0.1,2,0.658454300845196,-0.167054084663166,0.683439627231701
"334","counter-matching","A1","ps",10000,10,5,0.5,2,0.85495518090567,-0.172612742666994,0.290688354576977
"335","counter-matching","A1","ps",10000,10,10,0.1,2,0.423694829843357,0.0741079721324495,0.847424147616718
"336","counter-matching","A1","ps",10000,10,10,0.5,2,0.689063287834629,-0.0811255447723081,0.621968962467711
"337","counter-matching","A1","ps",20000,20,1,0.1,2,0.955959244168905,-0.762140043722065,0.0959098091750915
"338","counter-matching","A1","ps",20000,20,1,0.5,2,0.640281227788304,-0.0645385211294861,0.719484172704486
"339","counter-matching","A1","ps",10000,20,5,0.1,2,0.5,0,1
"340","counter-matching","A1","ps",10000,20,5,0.5,2,0.693955059955372,-0.0857668216983057,0.612198909016399
"341","counter-matching","A1","ps",10000,20,10,0.1,2,0.413629673281356,0.0953101796806683,0.827323681628342
"342","counter-matching","A1","ps",10000,20,10,0.5,2,0.534549382479811,-0.0150378773645404,0.930901884482633
"343","counter-matching","A2","ps",20000,4,1,0.1,2,0.569097783475495,-0.0606246218112159,0.861825381138158
"344","counter-matching","A2","ps",20000,4,1,0.5,2,0.43794802896147,0.0243914531241497,0.875899109389169
"345","counter-matching","A2","ps",10000,4,5,0.1,2,0.357500327344045,0.133531392624523,0.715203053361471
"346","counter-matching","A2","ps",10000,4,5,0.5,2,0.240425529035762,0.110541874399823,0.481074376109142
"347","counter-matching","A2","ps",10000,4,10,0.1,2,0.295006943581673,0.194156014440958,0.590597399111662
"348","counter-matching","A2","ps",10000,4,10,0.5,2,0.217439829247892,0.1221026968009,0.435164920505226
"349","counter-matching","A2","ps",20000,10,1,0.1,2,0.767395590773929,-0.268263986594678,0.466545341652668
"350","counter-matching","A2","ps",20000,10,1,0.5,2,0.915336351393969,-0.22314355131421,0.170212520385255
"351","counter-matching","A2","ps",10000,10,5,0.1,2,0.658454300845196,-0.167054084663166,0.683439627231701
"352","counter-matching","A2","ps",10000,10,5,0.5,2,0.836406561104847,-0.160342650075179,0.327704960046716
"353","counter-matching","A2","ps",10000,10,10,0.1,2,0.423694829843357,0.0741079721324495,0.847424147616718
"354","counter-matching","A2","ps",10000,10,10,0.5,2,0.689063287834629,-0.0811255447723081,0.621968962467711
"355","counter-matching","A2","ps",20000,20,1,0.1,2,0.936684771026191,-0.693147178402484,0.134297258593133
"356","counter-matching","A2","ps",20000,20,1,0.5,2,0.672639576990711,-0.0800427076370706,0.654807022566677
"357","counter-matching","A2","ps",10000,20,5,0.1,2,0.5,0,1
"358","counter-matching","A2","ps",10000,20,5,0.5,2,0.63234165468133,-0.0571584138364919,0.735351366756846
"359","counter-matching","A2","ps",10000,20,10,0.1,2,0.413629673281356,0.0953101796806683,0.827323681628342
"360","counter-matching","A2","ps",10000,20,10,0.5,2,0.465450617520189,0.0150378773645404,0.930901884482633
"361","matching","A1","ps",20000,4,1,0.1,3,0.5,0,1
"362","matching","A1","ps",20000,4,1,0.5,3,0.121807694164959,0.248461359298499,0.244827932988978
"363","matching","A1","ps",10000,4,5,0.1,3,0.357500327344045,0.133531392624523,0.715203053361471
"364","matching","A1","ps",10000,4,5,0.5,3,0.459141080513735,0.0210534091978292,0.918283664932982
"365","matching","A1","ps",10000,4,10,0.1,3,0.357500327344045,0.133531392624523,0.715203053361471
"366","matching","A1","ps",10000,4,10,0.5,3,0.202124247369736,0.174353387144778,0.404843516563162
"367","matching","A1","ps",20000,10,1,0.1,3,0.814453315238651,-0.405465108107289,0.374363512135995
"368","matching","A1","ps",20000,10,1,0.5,3,0.968312985300135,-0.38776553100831,0.065040804111819
"369","matching","A1","ps",10000,10,5,0.1,3,0.874325445594889,-0.538996500675662,0.257084020049373
"370","matching","A1","ps",10000,10,5,0.5,3,0.738784357519218,-0.136575535005751,0.522754420227275
"371","matching","A1","ps",10000,10,10,0.1,3,0.665092321200292,-0.182321556793954,0.670245265976437
"372","matching","A1","ps",10000,10,10,0.5,3,0.704040168299511,-0.115069329784787,0.59212399072303
"373","matching","A1","ps",20000,20,1,0.1,3,0.901647198770527,-0.693147178402484,0.205689347619243
"374","matching","A1","ps",20000,20,1,0.5,3,0.256345380130962,0.143100843640674,0.513050328830556
"375","matching","A1","ps",10000,20,5,0.1,3,0.725746882249926,-0.241162056816887,0.549474018091027
"376","matching","A1","ps",10000,20,5,0.5,3,0.455210000254901,0.0253178079842786,0.910422382888184
"377","matching","A1","ps",10000,20,10,0.1,3,0.658454300845196,-0.167054084663166,0.683439627231701
"378","matching","A1","ps",10000,20,10,0.5,3,0.544235881045311,-0.0246926125903619,0.911530476279586
"379","matching","A2","ps",20000,4,1,0.1,3,0.815414291833654,-0.325422400434594,0.371281131359037
"380","matching","A2","ps",20000,4,1,0.5,3,0.265807288440806,0.130620182417064,0.531906239222217
"381","matching","A2","ps",10000,4,5,0.1,3,0.423694829843357,0.0741079721324494,0.847424147616718
"382","matching","A2","ps",10000,4,5,0.5,3,0.540858919486265,-0.0210534091978291,0.918283664932983
"383","matching","A2","ps",10000,4,10,0.1,3,0.347443301186237,0.154150679827258,0.69517334211627
"384","matching","A2","ps",10000,4,10,0.5,3,0.177904470656989,0.190043602887865,0.356532527666435
"385","matching","A2","ps",20000,10,1,0.1,3,0.803115682678504,-0.367724780125111,0.396428580594401
"386","matching","A2","ps",20000,10,1,0.5,3,0.986869682941102,-0.456758402490656,0.0275852989258011
"387","matching","A2","ps",10000,10,5,0.1,3,0.766572864588637,-0.356674943938601,0.469210446475963
"388","matching","A2","ps",10000,10,5,0.5,3,0.701943667138338,-0.11247798342669,0.596306314320376
"389","matching","A2","ps",10000,10,10,0.1,3,0.665092321200292,-0.182321556793954,0.670245265976437
"390","matching","A2","ps",10000,10,10,0.5,3,0.805838385510538,-0.186585955580412,0.389011125020727
"391","matching","A2","ps",20000,20,1,0.1,3,0.857475296298694,-0.587786664701256,0.291970300369013
"392","matching","A2","ps",20000,20,1,0.5,3,0.416514446859761,0.0444517625702391,0.833042437514799
"393","matching","A2","ps",10000,20,5,0.1,3,0.783616209666108,-0.310154928303823,0.434608975055545
"394","matching","A2","ps",10000,20,5,0.5,3,0.410423619270964,0.0512932943859305,0.820866543326719
"395","matching","A2","ps",10000,20,10,0.1,3,0.725746882249926,-0.241162056816887,0.549474018091027
"396","matching","A2","ps",10000,20,10,0.5,3,0.630558659818236,-0.0741079721324494,0.738940243765796
"397","counter-matching","A1","ps",20000,4,1,0.1,3,0.295006943581673,0.194156014440958,0.590597399111663
"398","counter-matching","A1","ps",20000,4,1,0.5,3,0.43794802896147,0.0243914531241497,0.875899109389169
"399","counter-matching","A1","ps",10000,4,5,0.1,3,0.28873433121365,0.207639364778244,0.578151716260274
"400","counter-matching","A1","ps",10000,4,5,0.5,3,0.349410820557021,0.0598981415762723,0.698864458471393
"401","counter-matching","A1","ps",10000,4,10,0.1,3,0.361836804915882,0.125163142122991,0.723846518611428
"402","counter-matching","A1","ps",10000,4,10,0.5,3,0.32171442178181,0.0714589639656546,0.643499435159298
"403","counter-matching","A1","ps",20000,10,1,0.1,3,0.767395590773929,-0.268263986594678,0.466545341652668
"404","counter-matching","A1","ps",20000,10,1,0.5,3,0.902817044598445,-0.211309093667207,0.195196059141034
"405","counter-matching","A1","ps",10000,10,5,0.1,3,0.658454300845196,-0.167054084663166,0.683439627231701
"406","counter-matching","A1","ps",10000,10,5,0.5,3,0.85495518090567,-0.172612742666994,0.290688354576977
"407","counter-matching","A1","ps",10000,10,10,0.1,3,0.423694829843357,0.0741079721324495,0.847424147616718
"408","counter-matching","A1","ps",10000,10,10,0.5,3,0.689063287834629,-0.0811255447723081,0.621968962467711
"409","counter-matching","A1","ps",20000,20,1,0.1,3,0.955959244168905,-0.762140043722065,0.0959098091750915
"410","counter-matching","A1","ps",20000,20,1,0.5,3,0.640281227788304,-0.0645385211294861,0.719484172704486
"411","counter-matching","A1","ps",10000,20,5,0.1,3,0.5,0,1
"412","counter-matching","A1","ps",10000,20,5,0.5,3,0.693955059955372,-0.0857668216983057,0.612198909016399
"413","counter-matching","A1","ps",10000,20,10,0.1,3,0.413629673281356,0.0953101796806683,0.827323681628342
"414","counter-matching","A1","ps",10000,20,10,0.5,3,0.534549382479811,-0.0150378773645404,0.930901884482633
"415","counter-matching","A2","ps",20000,4,1,0.1,3,0.569097783475495,-0.0606246218112159,0.861825381138158
"416","counter-matching","A2","ps",20000,4,1,0.5,3,0.43794802896147,0.0243914531241497,0.875899109389169
"417","counter-matching","A2","ps",10000,4,5,0.1,3,0.357500327344045,0.133531392624523,0.715203053361471
"418","counter-matching","A2","ps",10000,4,5,0.5,3,0.240425529035762,0.110541874399823,0.481074376109142
"419","counter-matching","A2","ps",10000,4,10,0.1,3,0.295006943581673,0.194156014440958,0.590597399111662
"420","counter-matching","A2","ps",10000,4,10,0.5,3,0.217439829247892,0.1221026968009,0.435164920505226
"421","counter-matching","A2","ps",20000,10,1,0.1,3,0.767395590773929,-0.268263986594678,0.466545341652668
"422","counter-matching","A2","ps",20000,10,1,0.5,3,0.915336351393969,-0.22314355131421,0.170212520385255
"423","counter-matching","A2","ps",10000,10,5,0.1,3,0.658454300845196,-0.167054084663166,0.683439627231701
"424","counter-matching","A2","ps",10000,10,5,0.5,3,0.836406561104847,-0.160342650075179,0.327704960046716
"425","counter-matching","A2","ps",10000,10,10,0.1,3,0.423694829843357,0.0741079721324495,0.847424147616718
"426","counter-matching","A2","ps",10000,10,10,0.5,3,0.689063287834629,-0.0811255447723081,0.621968962467711
"427","counter-matching","A2","ps",20000,20,1,0.1,3,0.936684771026191,-0.693147178402484,0.134297258593133
"428","counter-matching","A2","ps",20000,20,1,0.5,3,0.672639576990711,-0.0800427076370706,0.654807022566677
"429","counter-matching","A2","ps",10000,20,5,0.1,3,0.5,0,1
"430","counter-matching","A2","ps",10000,20,5,0.5,3,0.63234165468133,-0.0571584138364919,0.735351366756846
"431","counter-matching","A2","ps",10000,20,10,0.1,3,0.413629673281356,0.0953101796806683,0.827323681628342
"432","counter-matching","A2","ps",10000,20,10,0.5,3,0.465450617520189,0.0150378773645404,0.930901884482633
"433","matching","A1","drs",20000,4,1,0.1,1,0.630558659818236,-0.111225634746148,0.73901232315695
"434","matching","A1","drs",20000,4,1,0.5,1,0.311124783476758,0.0971637483121601,0.622386492930499
"435","matching","A1","drs",10000,4,5,0.1,1,0.192044124736926,0.305381649551169,0.385933600839068
"436","matching","A1","drs",10000,4,5,0.5,1,0.783616209666108,-0.154150679827259,0.433222982967698
"437","matching","A1","drs",10000,4,10,0.1,1,0.0968232156346103,0.492476485082534,0.198155699103266
"438","matching","A1","drs",10000,4,10,0.5,1,0.785854072277553,-0.157185583522412,0.428767105464635
"439","matching","A1","drs",20000,10,1,0.1,1,0.823419823342006,-0.348306694268123,0.355590512469625
"440","matching","A1","drs",20000,10,1,0.5,1,0.856788988611071,-0.22825865198098,0.287467847216013
"441","matching","A1","drs",10000,10,5,0.1,1,0.281851430825387,0.22314355131421,0.564510978132912
"442","matching","A1","drs",10000,10,5,0.5,1,0.874325445594889,-0.264692554227081,0.252732772437154
"443","matching","A1","drs",10000,10,10,0.1,1,0.352728493055637,0.143100843640673,0.70569643359096
"444","matching","A1","drs",10000,10,10,0.5,1,0.805838385510538,-0.186585955580412,0.389011125020728
"445","matching","A1","drs",20000,20,1,0.1,1,0.207108089121263,0.336472236621157,0.416414364181268
"446","matching","A1","drs",20000,20,1,0.5,1,0.372440809772978,0.0706175671987753,0.74493277784728
"447","matching","A1","drs",10000,20,5,0.1,1,0.672639576990711,-0.200670695462151,0.655262030315414
"448","matching","A1","drs",10000,20,5,0.5,1,0.853914350341587,-0.24783616390458,0.29340591771307
"449","matching","A1","drs",10000,20,10,0.1,1,0.754351437892054,-0.31845373111851,0.493124620479832
"450","matching","A1","drs",10000,20,10,0.5,1,0.676822402230255,-0.105360515408545,0.646507567598548
"451","matching","A2","drs",20000,4,1,0.1,1,0.128419628978928,0.435318071255351,0.260593467376932
"452","matching","A2","drs",20000,4,1,0.5,1,0.5,0,1
"453","matching","A2","drs",10000,4,5,0.1,1,0.184585708166346,0.325422400434594,0.371281131359037
"454","matching","A2","drs",10000,4,5,0.5,1,0.538871070173969,-0.0190481949706929,0.92225903122463
"455","matching","A2","drs",10000,4,10,0.1,1,0.0416322583317752,0.693147178402484,0.0895347727601976
"456","matching","A2","drs",10000,4,10,0.5,1,0.57774036626353,-0.0384662808275798,0.844528730553488
"457","matching","A2","drs",20000,10,1,0.1,1,0.579259709439103,-0.0800427076370705,0.841522329381647
"458","matching","A2","drs",20000,10,1,0.5,1,0.964227013705497,-0.386772975095576,0.0733232656592056
"459","matching","A2","drs",10000,10,5,0.1,1,0.352728493055637,0.143100843640673,0.70569643359096
"460","matching","A2","drs",10000,10,5,0.5,1,0.545365477392889,-0.0259754864032469,0.909271584913417
"461","matching","A2","drs",10000,10,10,0.1,1,0.571268779020379,-0.0645385211294861,0.857486911736323
"462","matching","A2","drs",10000,10,10,0.5,1,0.895000164122195,-0.287682072451776,0.211572191455648
"463","matching","A2","drs",20000,20,1,0.1,1,0.274253117750074,0.241162056816888,0.549474018091027
"464","matching","A2","drs",20000,20,1,0.5,1,0.854079727428106,-0.22314355131421,0.292841399257467
"465","matching","A2","drs",10000,20,5,0.1,1,0.5,0,1
"466","matching","A2","drs",10000,20,5,0.5,1,0.751547076217616,-0.154150679827258,0.497331740144446
"467","matching","A2","drs",10000,20,10,0.1,1,0.814453315238651,-0.405465108107289,0.374363512135995
"468","matching","A2","drs",10000,20,10,0.5,1,0.784523387999606,-0.177681177237453,0.431559104656011
"469","counter-matching","A1","drs",20000,4,1,0.1,1,0.372801394463731,0.105360515408545,0.745716352063038
"470","counter-matching","A1","drs",20000,4,1,0.5,1,0.263544628432769,0.100083458556983,0.527261655530859
"471","counter-matching","A1","drs",10000,4,5,0.1,1,0.777117046042579,-0.233614851181505,0.446799413143472
"472","counter-matching","A1","drs",10000,4,5,0.5,1,0.959960340126891,-0.280301965154155,0.0810703063892357
"473","counter-matching","A1","drs",10000,4,10,0.1,1,0.5,0,1
"474","counter-matching","A1","drs",10000,4,10,0.5,1,0.931650243139023,-0.234193387500795,0.137596982406951
"475","counter-matching","A1","drs",20000,10,1,0.1,1,0.753641661386456,-0.23638877806423,0.493722788797258
"476","counter-matching","A1","drs",20000,10,1,0.5,1,0.841344746068543,-0.167054084663166,0.317873101240172
"477","counter-matching","A1","drs",10000,10,5,0.1,1,0.5,0,1
"478","counter-matching","A1","drs",10000,10,5,0.5,1,0.807955875263074,-0.151806012868004,0.384544685902209
"479","counter-matching","A1","drs",10000,10,10,0.1,1,0.232604409226071,0.268263986594677,0.466545341652668
"480","counter-matching","A1","drs",10000,10,10,0.5,1,0.72656736552208,-0.103796793681645,0.54704520176406
"481","counter-matching","A1","drs",20000,20,1,0.1,1,0.0416322583317752,0.693147178402484,0.0895347727601966
"482","counter-matching","A1","drs",20000,20,1,0.5,1,0.640281227788304,-0.0645385211294861,0.719484172704486
"483","counter-matching","A1","drs",10000,20,5,0.1,1,0.672639576990711,-0.200670695462151,0.655262030315414
"484","counter-matching","A1","drs",10000,20,5,0.5,1,0.642499672655955,-0.0666913744885002,0.715051159637979
"485","counter-matching","A1","drs",10000,20,10,0.1,1,0.743654619869038,-0.287682072451776,0.514142121200265
"486","counter-matching","A1","drs",10000,20,10,0.5,1,0.640281227788304,-0.064538521129486,0.719484172704486
"487","counter-matching","A2","drs",20000,4,1,0.1,1,0.310936712165371,0.162518929497775,0.622256655764156
"488","counter-matching","A2","drs",20000,4,1,0.5,1,0.191506895180481,0.138586163286146,0.383394418754857
"489","counter-matching","A2","drs",10000,4,5,0.1,1,0.85164123683897,-0.313657558855022,0.298696334419487
"490","counter-matching","A2","drs",10000,4,5,0.5,1,0.959004839499809,-0.276753001919587,0.0829687460227486
"491","counter-matching","A2","drs",10000,4,10,0.1,1,0.5,0,1
"492","counter-matching","A2","drs",10000,4,10,0.5,1,0.897048394633966,-0.200670695462151,0.206664225997148
"493","counter-matching","A2","drs",20000,10,1,0.1,1,0.800987640246531,-0.287682072451776,0.399649785455476
"494","counter-matching","A2","drs",20000,10,1,0.5,1,0.693955059955372,-0.0857668216983056,0.612198909016399
"495","counter-matching","A2","drs",10000,10,5,0.1,1,0.28873433121365,0.207639364778245,0.578151716260273
"496","counter-matching","A2","drs",10000,10,5,0.5,1,0.870180114309357,-0.19611487892629,0.260403252081769
"497","counter-matching","A2","drs",10000,10,10,0.1,1,0.295006943581673,0.194156014440958,0.590597399111662
"498","counter-matching","A2","drs",10000,10,10,0.5,1,0.635158547778375,-0.0597192346969243,0.729721496307562
"499","counter-matching","A2","drs",20000,20,1,0.1,1,0.0416322583317752,0.693147178402484,0.0895347727601966
"500","counter-matching","A2","drs",20000,20,1,0.5,1,0.732749387218454,-0.110348057168865,0.53470850748631
"501","counter-matching","A2","drs",10000,20,5,0.1,1,0.672639576990711,-0.200670695462151,0.655262030315414
"502","counter-matching","A2","drs",10000,20,5,0.5,1,0.675281858136623,-0.0826917157993195,0.649529457144614
"503","counter-matching","A2","drs",10000,20,10,0.1,1,0.803115682678504,-0.367724780125111,0.396428580594401
"504","counter-matching","A2","drs",10000,20,10,0.5,1,0.703509950991287,-0.0953101796806689,0.593120005586689
"505","matching","A1","drs",20000,4,1,0.1,2,0.630558659818236,-0.111225634746148,0.73901232315695
"506","matching","A1","drs",20000,4,1,0.5,2,0.311124783476758,0.0971637483121601,0.622386492930499
"507","matching","A1","drs",10000,4,5,0.1,2,0.192044124736926,0.305381649551169,0.385933600839068
"508","matching","A1","drs",10000,4,5,0.5,2,0.783616209666108,-0.154150679827259,0.433222982967698
"509","matching","A1","drs",10000,4,10,0.1,2,0.0968232156346103,0.492476485082534,0.198155699103266
"510","matching","A1","drs",10000,4,10,0.5,2,0.785854072277553,-0.157185583522412,0.428767105464635
"511","matching","A1","drs",20000,10,1,0.1,2,0.823419823342006,-0.348306694268123,0.355590512469625
"512","matching","A1","drs",20000,10,1,0.5,2,0.856788988611071,-0.22825865198098,0.287467847216013
"513","matching","A1","drs",10000,10,5,0.1,2,0.281851430825387,0.22314355131421,0.564510978132912
"514","matching","A1","drs",10000,10,5,0.5,2,0.874325445594889,-0.264692554227081,0.252732772437154
"515","matching","A1","drs",10000,10,10,0.1,2,0.352728493055637,0.143100843640673,0.70569643359096
"516","matching","A1","drs",10000,10,10,0.5,2,0.805838385510538,-0.186585955580412,0.389011125020728
"517","matching","A1","drs",20000,20,1,0.1,2,0.207108089121263,0.336472236621157,0.416414364181268
"518","matching","A1","drs",20000,20,1,0.5,2,0.372440809772978,0.0706175671987753,0.74493277784728
"519","matching","A1","drs",10000,20,5,0.1,2,0.672639576990711,-0.200670695462151,0.655262030315414
"520","matching","A1","drs",10000,20,5,0.5,2,0.853914350341587,-0.24783616390458,0.29340591771307
"521","matching","A1","drs",10000,20,10,0.1,2,0.754351437892054,-0.31845373111851,0.493124620479832
"522","matching","A1","drs",10000,20,10,0.5,2,0.676822402230255,-0.105360515408545,0.646507567598548
"523","matching","A2","drs",20000,4,1,0.1,2,0.128419628978928,0.435318071255351,0.260593467376932
"524","matching","A2","drs",20000,4,1,0.5,2,0.5,0,1
"525","matching","A2","drs",10000,4,5,0.1,2,0.184585708166346,0.325422400434594,0.371281131359037
"526","matching","A2","drs",10000,4,5,0.5,2,0.538871070173969,-0.0190481949706929,0.92225903122463
"527","matching","A2","drs",10000,4,10,0.1,2,0.0416322583317752,0.693147178402484,0.0895347727601976
"528","matching","A2","drs",10000,4,10,0.5,2,0.57774036626353,-0.0384662808275798,0.844528730553488
"529","matching","A2","drs",20000,10,1,0.1,2,0.579259709439103,-0.0800427076370705,0.841522329381647
"530","matching","A2","drs",20000,10,1,0.5,2,0.964227013705497,-0.386772975095576,0.0733232656592056
"531","matching","A2","drs",10000,10,5,0.1,2,0.352728493055637,0.143100843640673,0.70569643359096
"532","matching","A2","drs",10000,10,5,0.5,2,0.545365477392889,-0.0259754864032469,0.909271584913417
"533","matching","A2","drs",10000,10,10,0.1,2,0.571268779020379,-0.0645385211294861,0.857486911736323
"534","matching","A2","drs",10000,10,10,0.5,2,0.895000164122195,-0.287682072451776,0.211572191455648
"535","matching","A2","drs",20000,20,1,0.1,2,0.274253117750074,0.241162056816888,0.549474018091027
"536","matching","A2","drs",20000,20,1,0.5,2,0.854079727428106,-0.22314355131421,0.292841399257467
"537","matching","A2","drs",10000,20,5,0.1,2,0.5,0,1
"538","matching","A2","drs",10000,20,5,0.5,2,0.751547076217616,-0.154150679827258,0.497331740144446
"539","matching","A2","drs",10000,20,10,0.1,2,0.814453315238651,-0.405465108107289,0.374363512135995
"540","matching","A2","drs",10000,20,10,0.5,2,0.784523387999606,-0.177681177237453,0.431559104656011
"541","counter-matching","A1","drs",20000,4,1,0.1,2,0.372801394463731,0.105360515408545,0.745716352063038
"542","counter-matching","A1","drs",20000,4,1,0.5,2,0.263544628432769,0.100083458556983,0.527261655530859
"543","counter-matching","A1","drs",10000,4,5,0.1,2,0.777117046042579,-0.233614851181505,0.446799413143472
"544","counter-matching","A1","drs",10000,4,5,0.5,2,0.959960340126891,-0.280301965154155,0.0810703063892357
"545","counter-matching","A1","drs",10000,4,10,0.1,2,0.5,0,1
"546","counter-matching","A1","drs",10000,4,10,0.5,2,0.931650243139023,-0.234193387500795,0.137596982406951
"547","counter-matching","A1","drs",20000,10,1,0.1,2,0.753641661386456,-0.23638877806423,0.493722788797258
"548","counter-matching","A1","drs",20000,10,1,0.5,2,0.841344746068543,-0.167054084663166,0.317873101240172
"549","counter-matching","A1","drs",10000,10,5,0.1,2,0.5,0,1
"550","counter-matching","A1","drs",10000,10,5,0.5,2,0.807955875263074,-0.151806012868004,0.384544685902209
"551","counter-matching","A1","drs",10000,10,10,0.1,2,0.232604409226071,0.268263986594677,0.466545341652668
"552","counter-matching","A1","drs",10000,10,10,0.5,2,0.72656736552208,-0.103796793681645,0.54704520176406
"553","counter-matching","A1","drs",20000,20,1,0.1,2,0.0416322583317752,0.693147178402484,0.0895347727601966
"554","counter-matching","A1","drs",20000,20,1,0.5,2,0.640281227788304,-0.0645385211294861,0.719484172704486
"555","counter-matching","A1","drs",10000,20,5,0.1,2,0.672639576990711,-0.200670695462151,0.655262030315414
"556","counter-matching","A1","drs",10000,20,5,0.5,2,0.642499672655955,-0.0666913744885002,0.715051159637979
"557","counter-matching","A1","drs",10000,20,10,0.1,2,0.743654619869038,-0.287682072451776,0.514142121200265
"558","counter-matching","A1","drs",10000,20,10,0.5,2,0.640281227788304,-0.064538521129486,0.719484172704486
"559","counter-matching","A2","drs",20000,4,1,0.1,2,0.310936712165371,0.162518929497775,0.622256655764156
"560","counter-matching","A2","drs",20000,4,1,0.5,2,0.191506895180481,0.138586163286146,0.383394418754857
"561","counter-matching","A2","drs",10000,4,5,0.1,2,0.85164123683897,-0.313657558855022,0.298696334419487
"562","counter-matching","A2","drs",10000,4,5,0.5,2,0.959004839499809,-0.276753001919587,0.0829687460227486
"563","counter-matching","A2","drs",10000,4,10,0.1,2,0.5,0,1
"564","counter-matching","A2","drs",10000,4,10,0.5,2,0.897048394633966,-0.200670695462151,0.206664225997148
"565","counter-matching","A2","drs",20000,10,1,0.1,2,0.800987640246531,-0.287682072451776,0.399649785455476
"566","counter-matching","A2","drs",20000,10,1,0.5,2,0.693955059955372,-0.0857668216983056,0.612198909016399
"567","counter-matching","A2","drs",10000,10,5,0.1,2,0.28873433121365,0.207639364778245,0.578151716260273
"568","counter-matching","A2","drs",10000,10,5,0.5,2,0.870180114309357,-0.19611487892629,0.260403252081769
"569","counter-matching","A2","drs",10000,10,10,0.1,2,0.295006943581673,0.194156014440958,0.590597399111662
"570","counter-matching","A2","drs",10000,10,10,0.5,2,0.635158547778375,-0.0597192346969243,0.729721496307562
"571","counter-matching","A2","drs",20000,20,1,0.1,2,0.0416322583317752,0.693147178402484,0.0895347727601966
"572","counter-matching","A2","drs",20000,20,1,0.5,2,0.732749387218454,-0.110348057168865,0.53470850748631
"573","counter-matching","A2","drs",10000,20,5,0.1,2,0.672639576990711,-0.200670695462151,0.655262030315414
"574","counter-matching","A2","drs",10000,20,5,0.5,2,0.675281858136623,-0.0826917157993195,0.649529457144614
"575","counter-matching","A2","drs",10000,20,10,0.1,2,0.803115682678504,-0.367724780125111,0.396428580594401
"576","counter-matching","A2","drs",10000,20,10,0.5,2,0.703509950991287,-0.0953101796806689,0.593120005586689
"577","matching","A1","drs",20000,4,1,0.1,3,0.630558659818236,-0.111225634746148,0.73901232315695
"578","matching","A1","drs",20000,4,1,0.5,3,0.311124783476758,0.0971637483121601,0.622386492930499
"579","matching","A1","drs",10000,4,5,0.1,3,0.192044124736926,0.305381649551169,0.385933600839068
"580","matching","A1","drs",10000,4,5,0.5,3,0.783616209666108,-0.154150679827259,0.433222982967698
"581","matching","A1","drs",10000,4,10,0.1,3,0.0968232156346103,0.492476485082534,0.198155699103266
"582","matching","A1","drs",10000,4,10,0.5,3,0.785854072277553,-0.157185583522412,0.428767105464635
"583","matching","A1","drs",20000,10,1,0.1,3,0.823419823342006,-0.348306694268123,0.355590512469625
"584","matching","A1","drs",20000,10,1,0.5,3,0.856788988611071,-0.22825865198098,0.287467847216013
"585","matching","A1","drs",10000,10,5,0.1,3,0.281851430825387,0.22314355131421,0.564510978132912
"586","matching","A1","drs",10000,10,5,0.5,3,0.874325445594889,-0.264692554227081,0.252732772437154
"587","matching","A1","drs",10000,10,10,0.1,3,0.352728493055637,0.143100843640673,0.70569643359096
"588","matching","A1","drs",10000,10,10,0.5,3,0.805838385510538,-0.186585955580412,0.389011125020728
"589","matching","A1","drs",20000,20,1,0.1,3,0.207108089121263,0.336472236621157,0.416414364181268
"590","matching","A1","drs",20000,20,1,0.5,3,0.372440809772978,0.0706175671987753,0.74493277784728
"591","matching","A1","drs",10000,20,5,0.1,3,0.672639576990711,-0.200670695462151,0.655262030315414
"592","matching","A1","drs",10000,20,5,0.5,3,0.853914350341587,-0.24783616390458,0.29340591771307
"593","matching","A1","drs",10000,20,10,0.1,3,0.754351437892054,-0.31845373111851,0.493124620479832
"594","matching","A1","drs",10000,20,10,0.5,3,0.676822402230255,-0.105360515408545,0.646507567598548
"595","matching","A2","drs",20000,4,1,0.1,3,0.128419628978928,0.435318071255351,0.260593467376932
"596","matching","A2","drs",20000,4,1,0.5,3,0.5,0,1
"597","matching","A2","drs",10000,4,5,0.1,3,0.184585708166346,0.325422400434594,0.371281131359037
"598","matching","A2","drs",10000,4,5,0.5,3,0.538871070173969,-0.0190481949706929,0.92225903122463
"599","matching","A2","drs",10000,4,10,0.1,3,0.0416322583317752,0.693147178402484,0.0895347727601976
"600","matching","A2","drs",10000,4,10,0.5,3,0.57774036626353,-0.0384662808275798,0.844528730553488
"601","matching","A2","drs",20000,10,1,0.1,3,0.579259709439103,-0.0800427076370705,0.841522329381647
"602","matching","A2","drs",20000,10,1,0.5,3,0.964227013705497,-0.386772975095576,0.0733232656592056
"603","matching","A2","drs",10000,10,5,0.1,3,0.352728493055637,0.143100843640673,0.70569643359096
"604","matching","A2","drs",10000,10,5,0.5,3,0.545365477392889,-0.0259754864032469,0.909271584913417
"605","matching","A2","drs",10000,10,10,0.1,3,0.571268779020379,-0.0645385211294861,0.857486911736323
"606","matching","A2","drs",10000,10,10,0.5,3,0.895000164122195,-0.287682072451776,0.211572191455648
"607","matching","A2","drs",20000,20,1,0.1,3,0.274253117750074,0.241162056816888,0.549474018091027
"608","matching","A2","drs",20000,20,1,0.5,3,0.854079727428106,-0.22314355131421,0.292841399257467
"609","matching","A2","drs",10000,20,5,0.1,3,0.5,0,1
"610","matching","A2","drs",10000,20,5,0.5,3,0.751547076217616,-0.154150679827258,0.497331740144446
"611","matching","A2","drs",10000,20,10,0.1,3,0.814453315238651,-0.405465108107289,0.374363512135995
"612","matching","A2","drs",10000,20,10,0.5,3,0.784523387999606,-0.177681177237453,0.431559104656011
"613","counter-matching","A1","drs",20000,4,1,0.1,3,0.372801394463731,0.105360515408545,0.745716352063038
"614","counter-matching","A1","drs",20000,4,1,0.5,3,0.263544628432769,0.100083458556983,0.527261655530859
"615","counter-matching","A1","drs",10000,4,5,0.1,3,0.777117046042579,-0.233614851181505,0.446799413143472
"616","counter-matching","A1","drs",10000,4,5,0.5,3,0.959960340126891,-0.280301965154155,0.0810703063892357
"617","counter-matching","A1","drs",10000,4,10,0.1,3,0.5,0,1
"618","counter-matching","A1","drs",10000,4,10,0.5,3,0.931650243139023,-0.234193387500795,0.137596982406951
"619","counter-matching","A1","drs",20000,10,1,0.1,3,0.753641661386456,-0.23638877806423,0.493722788797258
"620","counter-matching","A1","drs",20000,10,1,0.5,3,0.841344746068543,-0.167054084663166,0.317873101240172
"621","counter-matching","A1","drs",10000,10,5,0.1,3,0.5,0,1
"622","counter-matching","A1","drs",10000,10,5,0.5,3,0.807955875263074,-0.151806012868004,0.384544685902209
"623","counter-matching","A1","drs",10000,10,10,0.1,3,0.232604409226071,0.268263986594677,0.466545341652668
"624","counter-matching","A1","drs",10000,10,10,0.5,3,0.72656736552208,-0.103796793681645,0.54704520176406
"625","counter-matching","A1","drs",20000,20,1,0.1,3,0.0416322583317752,0.693147178402484,0.0895347727601966
"626","counter-matching","A1","drs",20000,20,1,0.5,3,0.640281227788304,-0.0645385211294861,0.719484172704486
"627","counter-matching","A1","drs",10000,20,5,0.1,3,0.672639576990711,-0.200670695462151,0.655262030315414
"628","counter-matching","A1","drs",10000,20,5,0.5,3,0.642499672655955,-0.0666913744885002,0.715051159637979
"629","counter-matching","A1","drs",10000,20,10,0.1,3,0.743654619869038,-0.287682072451776,0.514142121200265
"630","counter-matching","A1","drs",10000,20,10,0.5,3,0.640281227788304,-0.064538521129486,0.719484172704486
"631","counter-matching","A2","drs",20000,4,1,0.1,3,0.310936712165371,0.162518929497775,0.622256655764156
"632","counter-matching","A2","drs",20000,4,1,0.5,3,0.191506895180481,0.138586163286146,0.383394418754857
"633","counter-matching","A2","drs",10000,4,5,0.1,3,0.85164123683897,-0.313657558855022,0.298696334419487
"634","counter-matching","A2","drs",10000,4,5,0.5,3,0.959004839499809,-0.276753001919587,0.0829687460227486
"635","counter-matching","A2","drs",10000,4,10,0.1,3,0.5,0,1
"636","counter-matching","A2","drs",10000,4,10,0.5,3,0.897048394633966,-0.200670695462151,0.206664225997148
"637","counter-matching","A2","drs",20000,10,1,0.1,3,0.800987640246531,-0.287682072451776,0.399649785455476
"638","counter-matching","A2","drs",20000,10,1,0.5,3,0.693955059955372,-0.0857668216983056,0.612198909016399
"639","counter-matching","A2","drs",10000,10,5,0.1,3,0.28873433121365,0.207639364778245,0.578151716260273
"640","counter-matching","A2","drs",10000,10,5,0.5,3,0.870180114309357,-0.19611487892629,0.260403252081769
"641","counter-matching","A2","drs",10000,10,10,0.1,3,0.295006943581673,0.194156014440958,0.590597399111662
"642","counter-matching","A2","drs",10000,10,10,0.5,3,0.635158547778375,-0.0597192346969243,0.729721496307562
"643","counter-matching","A2","drs",20000,20,1,0.1,3,0.0416322583317752,0.693147178402484,0.0895347727601966
"644","counter-matching","A2","drs",20000,20,1,0.5,3,0.732749387218454,-0.110348057168865,0.53470850748631
"645","counter-matching","A2","drs",10000,20,5,0.1,3,0.672639576990711,-0.200670695462151,0.655262030315414
"646","counter-matching","A2","drs",10000,20,5,0.5,3,0.675281858136623,-0.0826917157993195,0.649529457144614
"647","counter-matching","A2","drs",10000,20,10,0.1,3,0.803115682678504,-0.367724780125111,0.396428580594401
"648","counter-matching","A2","drs",10000,20,10,0.5,3,0.703509950991287,-0.0953101796806689,0.593120005586689
